[{"id":"6281575886399@s.whatsapp.net","monay":1000},{"id":"6281575886399@s.whatsapp.net","monay":-1224999000},{"id":"6281575886399@s.whatsapp.net","monay":-69000},{"id":"12496030270@s.whatsapp.net","monay":1000},{"id":"6282331660134@s.whatsapp.net","monay":101000},{"id":"6289630193133@s.whatsapp.net","monay":100},{"id":"6289630193133@s.whatsapp.net","monay":53100},{"id":"6289630193133@s.whatsapp.net","monay":100},{"id":"6289630193133@s.whatsapp.net","monay":100},{"id":"6289630193133@s.whatsapp.net","monay":-34900},{"id":"6281279032190@s.whatsapp.net"},{"id":"6283842839555@s.whatsapp.net"},{"id":"6287760480575@s.whatsapp.net"},{"id":"6288271843019@s.whatsapp.net"},{"id":"6288293167807@s.whatsapp.net"}]